{
    "vertices":[-0.092427,-0.926357,0.118577,0.63118,-0.373577,0.644302,-0.368815,-0.373577,0.969226,-0.986853,-0.373573,0.118577,-0.368815,-0.373577,-0.732072,0.63118,-0.373577,-0.407148,0.183961,0.520863,0.969226,-0.816035,0.520862,0.644302,-0.816035,0.520862,-0.407148,0.183961,0.520863,-0.732072,0.801999,0.520858,0.118577,-0.092427,1.07364,0.118577,-0.254883,-0.777012,0.618572,0.332895,-0.777011,0.427588,0.170442,-0.452095,0.927589,0.758221,-0.452093,0.118577,0.332895,-0.777011,-0.190434,-0.618157,-0.777009,0.118577,-0.780617,-0.452093,0.618574,-0.254883,-0.777012,-0.381418,-0.780617,-0.452093,-0.38142,0.170442,-0.452095,-0.690435,0.858631,0.073643,0.42759,0.858631,0.073643,-0.190436,-0.092427,0.073643,1.11858,0.495358,0.073643,0.927594,-1.04348,0.073643,0.42759,-0.680213,0.073643,0.927594,-0.680213,0.073643,-0.69044,-1.04348,0.073643,-0.190436,0.495358,0.073643,-0.69044,-0.092427,0.073643,-0.881423,0.595762,0.599379,0.618574,-0.355296,0.59938,0.927589,-0.943075,0.599379,0.118577,-0.355296,0.59938,-0.690435,0.595762,0.599379,-0.38142,0.070028,0.924297,0.618572,0.433303,0.924294,0.118577,-0.51775,0.924297,0.427588,-0.51775,0.924297,-0.190434,0.070028,0.924297,-0.381418],
    "faces":[32,0,13,12,0,0,0,32,1,13,15,1,1,1,32,0,12,17,2,2,2,32,0,17,19,3,3,3,32,0,19,16,4,4,4,32,1,15,22,5,5,5,32,2,14,24,6,6,6,32,3,18,26,7,7,7,32,4,20,28,8,8,8,32,5,21,30,9,9,9,32,1,22,25,10,10,10,32,2,24,27,11,11,11,32,3,26,29,12,12,12,32,4,28,31,13,13,13,32,5,30,23,14,14,14,32,6,32,37,15,15,15,32,7,33,39,16,16,16,32,8,34,40,17,17,17,32,9,35,41,18,18,18,32,10,36,38,19,19,19,32,38,41,11,20,20,20,32,38,36,41,21,21,21,32,36,9,41,22,22,22,32,41,40,11,23,23,23,32,41,35,40,24,24,24,32,35,8,40,25,25,25,32,40,39,11,26,26,26,32,40,34,39,27,27,27,32,34,7,39,28,28,28,32,39,37,11,29,29,29,32,39,33,37,30,30,30,32,33,6,37,31,31,31,32,37,38,11,32,32,32,32,37,32,38,33,33,33,32,32,10,38,34,34,34,32,23,36,10,35,35,35,32,23,30,36,36,36,36,32,30,9,36,37,37,37,32,31,35,9,38,38,38,32,31,28,35,39,39,39,32,28,8,35,40,40,40,32,29,34,8,41,41,41,32,29,26,34,42,42,42,32,26,7,34,43,43,43,32,27,33,7,44,44,44,32,27,24,33,45,45,45,32,24,6,33,46,46,46,32,25,32,6,47,47,47,32,25,22,32,48,48,48,32,22,10,32,49,49,49,32,30,31,9,50,50,50,32,30,21,31,51,51,51,32,21,4,31,52,52,52,32,28,29,8,53,53,53,32,28,20,29,54,54,54,32,20,3,29,55,55,55,32,26,27,7,56,56,56,32,26,18,27,57,57,57,32,18,2,27,58,58,58,32,24,25,6,59,59,59,32,24,14,25,60,60,60,32,14,1,25,61,61,61,32,22,23,10,62,62,62,32,22,15,23,63,63,63,32,15,5,23,64,64,64,32,16,21,5,65,65,65,32,16,19,21,66,66,66,32,19,4,21,67,67,67,32,19,20,4,68,68,68,32,19,17,20,69,69,69,32,17,3,20,70,70,70,32,17,18,3,71,71,71,32,17,12,18,72,72,72,32,12,2,18,73,73,73,32,15,16,5,74,74,74,32,15,13,16,75,75,75,32,13,0,16,76,76,76,32,12,14,2,77,77,77,32,12,13,14,78,78,78,32,13,1,14,79,79,79],
    "name":"IcosphereGeometry",
    "metadata":{
        "vertices":42,
        "faces":80,
        "version":3,
        "generator":"io_three",
        "type":"Geometry",
        "normals":80,
        "uvs":0
    },
    "normals":[0.102381,0.31509,0.943523,0.700224,0.268032,0.661699,-0.268034,0.194736,0.943523,-0.268034,-0.194737,0.943523,0.102381,-0.31509,0.943523,0.904989,0.268032,0.330385,0.024747,0.943521,0.330386,-0.889697,0.315095,0.330385,-0.574602,-0.748783,0.330388,0.534576,-0.777865,0.330387,0.802609,0.583126,0.125627,-0.306569,0.943522,0.125629,-0.992077,0,0.125628,-0.306569,-0.943522,0.125629,0.802609,-0.583126,0.125627,0.408946,0.628425,-0.661699,-0.4713,0.583122,-0.661699,-0.700224,-0.268032,-0.661699,0.03853,-0.748779,-0.661699,0.724042,-0.194736,-0.661695,0.268034,-0.194737,-0.943523,0.491119,-0.356821,-0.794658,0.408946,-0.628425,-0.661698,-0.102381,-0.31509,-0.943523,-0.187594,-0.577345,-0.794658,-0.4713,-0.583122,-0.661699,-0.331305,0,-0.943524,-0.60706,0,-0.794656,-0.700224,0.268032,-0.661699,-0.102381,0.31509,-0.943523,-0.187594,0.577345,-0.794658,0.03853,0.748779,-0.661699,0.268034,0.194737,-0.943523,0.491119,0.356821,-0.794658,0.724042,0.194736,-0.661695,0.889697,-0.315095,-0.330385,0.794656,-0.577348,-0.187595,0.574602,-0.748784,-0.330388,-0.024747,-0.943521,-0.330386,-0.303531,-0.934171,-0.187597,-0.534576,-0.777865,-0.330387,-0.904989,-0.268032,-0.330385,-0.982246,-0,-0.187599,-0.904989,0.268031,-0.330385,-0.534576,0.777865,-0.330387,-0.303531,0.934171,-0.187597,-0.024747,0.943521,-0.330386,0.574602,0.748783,-0.330388,0.794656,0.577348,-0.187595,0.889697,0.315095,-0.330385,0.306569,-0.943522,-0.125629,0.303531,-0.934171,0.187597,0.024747,-0.943521,0.330386,-0.802609,-0.583127,-0.125627,-0.794656,-0.577348,0.187595,-0.889697,-0.315095,0.330385,-0.802609,0.583127,-0.125627,-0.794655,0.577348,0.187595,-0.574602,0.748784,0.330388,0.306569,0.943522,-0.125629,0.303531,0.934171,0.187597,0.534576,0.777865,0.330387,0.992077,-0,-0.125628,0.982246,0,0.187599,0.904989,-0.268031,0.330385,0.4713,-0.583122,0.661699,0.187594,-0.577345,0.794658,-0.03853,-0.748779,0.661699,-0.408946,-0.628425,0.661699,-0.491119,-0.356821,0.794657,-0.724042,-0.194736,0.661695,-0.724042,0.194736,0.661695,-0.491119,0.356821,0.794657,-0.408946,0.628425,0.661698,0.700224,-0.268032,0.661699,0.60706,0,0.794656,0.331305,0,0.943524,-0.03853,0.748779,0.661699,0.187594,0.577345,0.794658,0.4713,0.583122,0.661699],
    "uvs":[]
}